ItNr;AvgPower(W);TotalEnergy(J)
1;52.36744186046511627906;4503.60
2;52.83163043478260869565;14581.53
3;53.37943071965628356605;49696.25
4;53.80208242950108459869;24802.76
5;54.30997816593886462882;49747.94
