Collision damage;Offroad metric;Other lane metric;Total game time;Total travelled distance;Number of frames using FPS
2.0844468623399734;0.0;0.0;372197.0;1628.9256501719833;21893
13.974750995635986;0.0;0.0;130797.0;543.3441946590049;7693
0.0;0.0;5.102040888741612;1834996.0;7480.584761168357;107940
5.149471282958984;0.0;0.040816325694322586;827576.0;3157.399563255436;48680
118.21031188964844;0.0;0.040816325694322586;1217267.0;5016.913211566312;71603
60.86326599121094;0.0;0.0;827814.0;3452.333752884873;48694
0.0;0.0;0.040816325694322586;1834996.0;6719.4646762185375;107940
