ItNr;AvgPower(W);TotalEnergy(J)
1;50.16270935960591133004;10183.03
2;50.46106728538283062645;21748.72
3;50.35853521126760563380;17877.28
4;49.82515151515151515151;1644.23
5;51.49615942028985507246;7106.47
1;48.40261083743842364532;9825.73
2;50.71169373549883990719;21856.74
