ItNr;AvgPower(W);TotalEnergy(J)
1;56.29205128205128205128;4390.78
2;64.87787234042553191489;3049.26
3;59.70225806451612903225;7403.08
4;56.04086124401913875598;11712.54
