ItNr;AvgPower(W);TotalEnergy(J)
1;48.54471698113207547169;2572.87
2;48.53578947368421052631;3688.72
3;55.27480000000000000000;1381.87
4;50.96364705882352941176;21659.55
5;47.13088235294117647058;1602.45
1;50.67588235294117647058;2584.47
2;50.03805194805194805194;3852.93
3;53.80560000000000000000;1345.14
4;49.95374117647058823529;21230.34
5;47.99757575757575757575;1583.92
