ItNr;AvgPower(W);TotalEnergy(J)
1;48.54471698113207547169;2572.87
2;48.53578947368421052631;3688.72
3;55.27480000000000000000;1381.87
4;50.96364705882352941176;21659.55
5;47.13088235294117647058;1602.45
