Collision damage;Offroad metric;Other lane metric;Total game time;Total travelled distance;Number of frames using FPS
4.961922645568848;15.285714861005545;0.8571428395807743;385633.0;1012.7261613101373;17518
59.16584777832031;0.0;0.0;91097.0;290.60973631336145;4130
0.19480018317699432;0.0;2.326530572026968;222701.0;1018.5991236010925;10112
1.8444513082504272;0.0;0.0;44083.0;45.384170042283564;1993
86.34474182128906;0.0;0.0;216673.0;774.8319104781865;9838
