ItNr;AvgPower(W);TotalEnergy(J)
1;54.28106235565819861431;47007.40
2;52.91369449378330373001;29790.41
3;54.65084257206208425720;24647.53
4;54.73258064516129032258;50901.30
5;54.63290510948905109489;37423.54
