ItNr;AvgPower(W);TotalEnergy(J)
1;56.88062111801242236024;18315.56
2;61.05713976164680390032;56355.74
3;55.99287603305785123966;33875.69
4;57.27052095130237825594;101139.74
5;57.34482719546742209631;101213.62
1;56.47348909657320872274;18127.99
2;61.85484815618221258134;57030.17
3;55.61112396694214876033;33644.73
4;57.38473386183465458663;101341.44
5;58.09185164212910532276;102590.21
