ItNr;AvgPower(W);TotalEnergy(J)
1;56.88062111801242236024;18315.56
2;61.05713976164680390032;56355.74
3;55.99287603305785123966;33875.69
4;57.27052095130237825594;101139.74
5;57.34482719546742209631;101213.62
