ItNr;AvgPower(W);TotalEnergy(J)
1;50.48181818181818181818;6663.60
2;54.29592178770949720670;9718.97
3;56.76913709677419354838;70393.73
4;49.42895833333333333333;2372.59
5;54.83006389776357827476;17161.81
