ItNr;AvgPower(W);TotalEnergy(J)
1;53.99571428571428571428;755.94
2;56.40755474452554744525;15455.67
3;61.35175066312997347480;23129.61
4;61.58925490196078431372;78526.30
5;43.17800000000000000000;215.89
