ItNr;AvgPower(W);TotalEnergy(J)
1;63.82100849858356940509;112644.08
2;63.06229629629629629629;8513.41
3;63.54419023136246786632;24718.69
4;63.01203980099502487562;25330.84
5;63.83000000000000000000;2170.22
