ItNr;AvgPower(W);TotalEnergy(J)
1;63.82100849858356940509;112644.08
2;63.06229629629629629629;8513.41
3;63.54419023136246786632;24718.69
4;63.01203980099502487562;25330.84
5;63.83000000000000000000;2170.22
1;63.59700849858356940509;112248.72
2;62.61948148148148148148;8453.63
3;63.83673521850899742930;24832.49
4;63.51554726368159203980;25533.25
5;61.74382352941176470588;2099.29
