ItNr;AvgPower(W);TotalEnergy(J)
1;56.97931818181818181818;10028.36
2;56.90736666666666666666;17072.21
3;59.75344086021505376344;38899.49
4;63.17699228791773778920;24575.85
5;60.02001481481481481481;40513.51
