ItNr;AvgPower(W);TotalEnergy(J)
1;48.86242424242424242424;1612.46
2;52.38027450980392156862;66784.85
3;52.42897763578274760383;16410.27
4;52.82011682242990654205;67821.03
5;46.88076923076923076923;1218.90
