ItNr;AvgPower(W);TotalEnergy(J)
1;57.97664756446991404011;20233.85
2;53.93071770334928229665;11271.52
3;58.70686315789473684210;27885.76
4;60.50330948121645796064;33821.35
5;55.57592011412268188302;38958.72
